ATTR1;DUREE;COMPETENCE
1AAA50;0200;GPBL
1ADADE;0200;GPBL
1ADAXS;0200;GPBL
1ADOP8;0200;GPBL
1AL204;0200;GPBL
1AL420;0200;GPBL
1AL42C;0200;GPBL
1AL430;0200;GPBL
1AL440;0200;GPBL
1AL44O;0200;GPBL
1ALDIL;0200;GPBL
1ALDIM;0200;GPBL
1ALDTS;0200;GPBL
1ALO15;0200;GPBL
1ALO35;0200;GPBL
1ALO50;0200;GPBL
1ALO80;0200;GPBL
1BA160;0200;GPBL
1BA202;0200;GPBL
1BA205;0200;GPBL
1BA491;0200;GPBL
1BA520;0200;GPBL
1BA550;0200;GPBL
1BA695;0200;GPBL
1BA696;0200;GPBL
1BA800;0200;GPBL
1BA893;0200;GPBL
1BA956;0200;GPBL
1BAC07;0200;GPBL
1BAC08;0200;GPBL
1BAC16;0200;GPBL
1BAC17;0200;GPBL
1BAC18;0200;GPBL
1BAC25;0200;GPBL
1BAC28;0200;GPBL
1BAC30;0200;GPBL
1BAC36;0200;GPBL
1BAC37;0200;GPBL
1BAC38;0200;GPBL
1BAC52;0200;GPBL
1BAC72;0200;GPBL
1BAC90;0200;GPBL
1BACAI;0200;GPBL
1BACBB;0200;GPBL
1BACID;0200;GPBL
1BACNN;0200;GPBL
1BACPI;0200;GPBL
1BACSA;0200;GPBL
1BIPAL;0200;GPBL
1BTCCM;0200;GPBL
1CAC35;0200;GPBL
1CAC4X;0200;GPBL
1DA180;0200;GPBL
1DA181;0200;GPBL
1DA182;0200;GPBL
1DA183;0200;GPBL
1DA184;0200;GPBL
1DA185;0200;GPBL
1DA186;0200;GPBL
1DA187;0200;GPBL
1DA188;0200;GPBL
1DA189;0200;GPBL
1DA190;0200;GPBL
1DA206;0200;GPBL
1DA211;0200;GPBL
1DA213;0200;GPBL
1DA321;0200;GPBL
1DA390;0200;GPBL
1DA392;0200;GPBL
1DA454;0200;GPBL
1DA455;0200;GPBL
1DA485;0200;GPBL
1DA486;0200;GPBL
1DA508;0200;GPBL
1DA668;0200;GPBL
1DA685;0200;GPBL
1DA686;0200;GPBL
1DA802;0200;GPBL
1DA834;0200;GPBL
1DA841;0200;GPBL
1DA874;0200;GPBL
1DA890;0200;GPBL
1DA897;0200;GPBL
1DA902;0200;GPBL
1DA905;0200;GPBL
1DA913;0200;GPBL
1DA915;0200;GPBL
1DA916;0200;GPBL
1DA931;0200;GPBL
1DA932;0200;GPBL
1DA933;0200;GPBL
1DA934;0200;GPBL
1DA935;0200;GPBL
1DA936;0200;GPBL
1DA937;0200;GPBL
1DA941;0200;GPBL
1DA951;0200;GPBL
1DA952;0200;GPBL
1DA959;0200;GPBL
1DA960;0200;GPBL
1DA963;0200;GPBL
1DA964;0200;GPBL
1DAA43;0200;GPBL
1DAA62;0200;GPBL
1DAA68;0200;GPBL
1DAA90;0200;GPBL
1DAALM;0200;GPBL
1DAASM;0200;GPBL
1DAATI;0200;GPBL
1DAB3X;0200;GPBL
1DAB4X;0200;GPBL
1DABCI;0200;GPBL
1DABLI;0200;GPBL
1DABNT;0200;GPBL
1DAC35;0200;GPBL
1DAC37;0200;GPBL
1DAC4X;0200;GPBL
1DAC6X;0200;GPBL
1DACAD;0200;GPBL
1DACIH;0200;GPBL
1DACIM;0200;GPBL
1DACLR;0200;GPBL
1DACOA;0200;GPBL
1DACOM;0200;GPBL
1DADF2;0200;GPBL
1DADF5;0200;GPBL
1DADIE;0200;GPBL
1DADSU;0200;GPBL
1DAENT;0200;GPBL
1DAGST;0200;GPBL
1DAHOP;0200;GPBL
1DAHOT;0200;GPBL
1DAHPA;0200;GPBL
1DAIAL;0200;GPBL
1DAISI;0200;GPBL
1DALAA;0200;GPBL
1DALAC;0200;GPBL
1DALNO;0200;GPBL
1DAMEX;0200;GPBL
1DAMOS;0200;GPBL
1DAMUC;0200;GPBL
1DAMWS;0200;ERS
1DANEA;0200;GPBL
1DANF2;0200;GPBL
1DANF5;0200;GPBL
1DANF8;0200;GPBL
1DANOL;0200;GPBL
1DANTA;0200;GPBL
1DAOMS;0200;GPBL
1DAOOV;0200;GPBL
1DAOXM;0200;GPBL
1DAPPC;0200;GPBL
1DATAD;0200;GPBL
1DATDI;0200;GPBL
1DATGE;0200;GPBL
1DAUAD;0200;GPBL
1DAUCE;0200;GPBL
1EA650;0200;GPBL
1EA654;0200;GPBL
1EAAMX;0200;GPBL
1EADLX;0200;GPBL
1EADMX;0200;GPBL
1EALXD;0200;GPBL
1EASX1;0200;GPBL
1ONPOW;0200;GPBL
1PB105;0200;GPBL
1PB106;0200;GPBL
1PB107;0200;GPBL
1PB108;0200;GPBL
1PB109;0200;GPBL
1PB110;0200;GPBL
1PB111;0200;GPBL
1PB116;0200;GPBL
1PB117;0200;GPBL
1PB118;0200;GPBL
1PB119;0200;GPBL
1PB120;0200;GPBL
1PB121;0200;GPBL
1PB122;0200;GPBL
1PB123;0200;GPBL
1PB124;0200;GPBL
1PB125;0200;GPBL
1PB126;0200;GPBL
1PB127;0200;GPBL
1PB129;0200;GPBL
1PB130;0200;GPBL
1PB131;0200;GPBL
1PB132;0200;GPBL
1PB133;0200;GPBL
1PB135;0200;GPBL
1PB142;0200;GPBL
1PB143;0200;GPBL
1PB144;0200;GPBL
1PB148;0200;GPBL
1PB150;0200;GPBL
1PB152;0200;GPBL
1PB154;0200;GPBL
1PB156;0200;GPBL
1PB158;0200;GPBL
1PB159;0200;GPBL
1PB161;0200;GPBL
1PB162;0200;GPBL
1PB163;0200;GPBL
1PB164;0200;GPBL
1PB166;0200;GPBL
1PB167;0200;GPBL
1PB170;0200;GPBL
1PB171;0200;GPBL
1PB179;0200;GPBL
1PB199;0200;GPBL
1PB200;0200;GPBL
1PB204;0200;GPBL
1PB212;0200;GPBL
1PB250;0200;GPBL
1PB251;0200;GPBL
1PB254;0200;GPBL
1PB255;0200;GPBL
1PB256;0200;GPBL
1PB257;0200;GPBL
1PB262;0200;GPBL
1PB263;0200;GPBL
1PB264;0200;GPBL
1PB266;0200;GPBL
1PB270;0200;GPBL
1PB277;0200;GPBL
1PB278;0200;GPBL
1PB279;0200;GPBL
1PB280;0200;GPBL
1PB281;0200;GPBL
1PB282;0200;GPBL
1PB283;0200;GPBL
1PB289;0200;GPBL
1PB290;0200;GPBL
1PB291;0200;GPBL
1PB292;0200;GPBL
1PB293;0200;GPBL
1PB294;0200;GPBL
1PB295;0200;GPBL
1PB296;0200;GPBL
1PB297;0200;GPBL
1PB298;0200;GPBL
1PB299;0200;GPBL
1PB2XD;0200;GPBL
1PB2XL;0200;GPBL
1PB2XS;0200;GPBL
1PB300;0200;GPBL
1PB301;0200;GPBL
1PB302;0200;GPBL
1PB303;0200;GPBL
1PB304;0200;GPBL
1PB330;0200;GPBL
1PB331;0200;GPBL
1PB332;0200;GPBL
1PB333;0200;GPBL
1PB334;0200;GPBL
1PB335;0200;GPBL
1PB336;0200;GPBL
1PB337;0200;GPBL
1PB338;0200;GPBL
1PB339;0200;GPBL
1PB340;0200;GPBL
1PB343;0200;GPBL
1PB345;0200;GPBL
1PB346;0200;GPBL
1PB350;0200;GPBL
1PB351;0200;GPBL
1PB352;0200;GPBL
1PB353;0200;GPBL
1PB354;0200;GPBL
1PB355;0200;GPBL
1PB356;0200;GPBL
1PB362;0200;GPBL
1PB366;0200;GPBL
1PB381;0200;GPBL
1PB382;0200;GPBL
1PB383;0200;GPBL
1PB386;0200;GPBL
1PB393;0200;GPBL
1PB3XL;0200;GPBL
1PB400;0200;GPBL
1PB401;0200;GPBL
1PB402;0200;GPBL
1PB407;0200;GPBL
1PB409;0200;GPBL
1PB410;0200;GPBL
1PB414;0200;GPBL
1PB420;0200;GPBL
1PB421;0200;GPBL
1PB422;0200;GPBL
1PB424;0200;GPBL
1PB425;0200;GPBL
1PB426;0200;GPBL
1PB427;0200;GPBL
1PB42C;0200;GPBL
1PB42E;0200;GPBL
1PB430;0200;GPBL
1PB432;0200;GPBL
1PB434;0200;GPBL
1PB437;0200;GPBL
1PB438;0200;GPBL
1PB439;0200;GPBL
1PB440;0200;GPBL
1PB446;0200;GPBL
1PB447;0200;GPBL
1PB448;0200;GPBL
1PB449;0200;GPBL
1PB44O;0200;GPBL
1PB451;0200;GPBL
1PB452;0200;GPBL
1PB458;0200;GPBL
1PB460;0200;GPBL
1PB462;0200;GPBL
1PB465;0200;GPBL
1PB467;0200;GPBL
1PB470;0200;GPBL
1PB471;0200;GPBL
1PB474;0200;GPBL
1PB475;0200;GPBL
1PB478;0200;GPBL
1PB480;0200;GPBL
1PB481;0200;GPBL
1PB483;0200;GPBL
1PB488;0200;GPBL
1PB495;0200;GPBL
1PB503;0200;GPBL
1PB504;0200;GPBL
1PB514;0200;GPBL
1PB515;0200;GPBL
1PB516;0200;GPBL
1PB518;0200;GPBL
1PB519;0200;GPBL
1PB599;0200;GPBL
1PB600;0200;GPBL
1PB601;0200;GPBL
1PB603;0200;GPBL
1PB604;0200;GPBL
1PB605;0200;GPBL
1PB606;0200;GPBL
1PB607;0200;GPBL
1PB608;0200;GPBL
1PB610;0200;GPBL
1PB611;0200;GPBL
1PB612;0200;GPBL
1PB614;0200;GPBL
1PB615;0200;GPBL
1PB620;0200;GPBL
1PB623;0200;GPBL
1PB625;0200;GPBL
1PB644;0200;GPBL
1PB645;0200;GPBL
1PB646;0200;GPBL
1PB653;0200;GPBL
1PB654;0200;GPBL
1PB655;0200;GPBL
1PB658;0200;GPBL
1PB659;0200;GPBL
1PB660;0200;GPBL
1PB661;0200;GPBL
1PB663;0200;GPBL
1PB664;0200;GPBL
1PB665;0200;GPBL
1PB667;0200;GPBL
1PB683;0200;GPBL
1PB684;0200;GPBL
1PB703;0200;GPBL
1PB704;0200;GPBL
1PB705;0200;GPBL
1PB706;0200;GPBL
1PB707;0200;GPBL
1PB708;0200;GPBL
1PB709;0200;GPBL
1PB710;0200;GPBL
1PB711;0200;GPBL
1PB712;0200;GPBL
1PB713;0200;GPBL
1PB714;0200;GPBL
1PB715;0200;GPBL
1PB716;0200;GPBL
1PB717;0200;GPBL
1PB748;0200;GPBL
1PB803;0200;GPBL
1PB805;0200;GPBL
1PB806;0200;GPBL
1PB809;0200;GPBL
1PB810;0200;GPBL
1PB811;0200;GPBL
1PB812;0200;GPBL
1PB813;0200;GPBL
1PB814;0200;GPBL
1PB817;0200;GPBL
1PB832;0200;GPBL
1PB837;0200;GPBL
1PB843;0200;GPBL
1PB844;0200;GPBL
1PB845;0200;GPBL
1PB846;0200;GPBL
1PB861;0200;GPBL
1PB863;0200;GPBL
1PB864;0200;GPBL
1PB865;0200;GPBL
1PB868;0200;GPBL
1PB869;0200;GPBL
1PB870;0200;GPBL
1PB871;0200;GPBL
1PB872;0200;GPBL
1PB892;0200;GPBL
1PB906;0200;GPBL
1PB909;0200;GPBL
1PB910;0200;GPBL
1PB911;0200;GPBL
1PB914;0200;GPBL
1PB976;0200;GPBL
1PB978;0200;GPBL
1PB990;0200;GPBL
1PBA44;0200;GPBL
1PBA50;0200;GPBL
1PBADE;0200;GPBL
1PBADI;0200;GPBL
1PBALX;0200;GPBL
1PBAMX;0200;GPBL
1PBAXS;0200;GPBL
1PBCCM;0200;GPBL
1PBCOA;0200;GPBL
1PBCON;0200;GPBL
1PBCRE;0200;GPBL
1PBDIL;0200;GPBL
1PBDIM;0200;GPBL
1PBDLX;0200;GPBL
1PBDMX;0200;GPBL
1PBDSC;0200;GPBL
1PBDSX;0200;GPBL
1PBDTS;0200;GPBL
1PBIPC;0200;GPBL
1PBIPP;0200;GPBL
1PBJI5;0200;GPBL
1PBJI7;0200;GPBL
1PBLXD;0200;GPBL
1PBMAP;0200;GPBL
1PBMBV;0200;GPBL
1PBMCL;0200;GPBL
1PBMCO;0200;GPBL
1PBMLI;0200;GPBL
1PBMOP;0200;GPBL
1PBMOV;0200;GPBL
1PBN50;0200;GPBL
1PBNXD;0200;GPBL
1PBNXL;0200;GPBL
1PBNXS;0200;GPBL
1PBO05;0200;GPBL
1PBO15;0200;GPBL
1PBO35;0200;GPBL
1PBO50;0200;GPBL
1PBO80;0200;GPBL
1PBOP8;0200;GPBL
1PBPIP;0200;GPBL
1PBSDI;0200;GPBL
1PBSEA;0200;GPBL
1PBSET;0200;GPBL
1PBSFS;0200;GPBL
1PBSX1;0200;GPBL
1PBSX2;0200;GPBL
1PBT16;0200;GPBL
1PBUMU;0200;GPBL
1SS954;0200;GPBL
1SSIPA;0200;GPBL
1SSLLM;0200;GPBL
1SSLPA;0200;GPBL
1SSNUM;0200;GPBL
1SSSDS;0200;GPBL
1SSSHD;0200;GPBL
1SSTDS;0200;GPBL
1XO527;0200;GPBL
1XO528;0200;GPBL
1XO529;0200;GPBL
1XO530;0200;GPBL
1XO531;0400;GPBL
1XO688;0200;GPBL
1XO689;0200;GPBL
1XO690;0200;GPBL
1XO691;0200;GPBL
1XO834;0200;GPBL
1XO981;0200;GPBL
1XOA05;0200;GPBL
1XOA50;0200;GPBL
1XOCCM;0200;GPBL
1XODCE;0200;GPBL
1XODIM;0200;GPBL
1XODMX;0200;GPBL
1XODSX;0200;GPBL
1XODTS;0200;GPBL
1XOLX2;0200;GPBL
1XOOOV;0200;GPBL
1XOOXO;0200;GPBL
1XOPAL;0200;GPBL
1XOPAU;0200;GPBL
1XOPCL;0200;GPBL
1XOPMA;0200;GPBL
1XOSMX;0200;GPBL
1XOSX1;0200;GPBL
1XOSX2;0200;GPBL
1XOXS2;0200;GPBL
2AVE01;0800;GPBL
2AVE02;0400;GPBL
2AVE03;0400;GPBL
2AVE04;0800;GPBL
2AVE05;0400;GPBL
2AVE06;0400;GPBL
2AVE07;0400;GPBL
2AVE08;0400;GPBL
2AVE09;0800;GPBL
2BA10A;0400;GPBL
2BA160;0700;GPBL
2BA201;0700;GPBL
2BA491;0400;GPBL
2BA492;0400;GPBL
2BA550;0700;GPBL
2BA800;0700;GPBL
2BA836;0700;GPBL
2BA876;0400;GPBL
2BA891;0700;GPBL
2BA924;0700;GPBL
2BA925;0700;GPBL
2BA926;0700;GPBL
2BA956;0700;GPBL
2BA986;0100;GPBL
2BABNT;0200;GPBL
2BAC07;0700;GPBL
2BAC16;0700;GPBL
2BAC18;0700;GPBL
2BAC28;0700;GPBL
2BAC30;0700;GPBL
2BAC36;0700;GPBL
2BAC38;0700;GPBL
2BACAI;0700;GPBL
2BACID;0700;GPBL
2BACPI;0400;GPBL
2BC100;0200;GPBL
2BC101;0200;GPBL
2BC102;0200;GPBL
2BC104;0200;GPBL
2BC116;0200;GPBL
2BC117;0200;GPBL
2BC118;0200;GPBL
2BC119;0200;GPBL
2BC120;0200;GPBL
2BC121;0200;GPBL
2BC122;0200;GPBL
2BC123;0200;GPBL
2BC124;0200;GPBL
2BC126;0200;GPBL
2BC127;0200;GPBL
2BC128;0200;GPBL
2BC129;0200;GPBL
2BC131;0200;GPBL
2BC132;0200;GPBL
2BC133;0200;GPBL
2BC134;0200;GPBL
2BC135;0200;GPBL
2BC136;0200;GPBL
2BC138;0200;GPBL
2BC140;0200;GPBL
2BC141;0200;GPBL
2BC142;0200;GPBL
2BC143;0200;GPBL
2BC144;0200;GPBL
2BC148;0200;GPBL
2BC149;0200;GPBL
2BC150;0200;GPBL
2BC151;0200;GPBL
2BC152;0200;GPBL
2BC153;0200;GPBL
2BC154;0200;GPBL
2BC156;0200;GPBL
2BC157;0200;GPBL
2BC158;0200;GPBL
2BC159;0200;GPBL
2BC161;0200;GPBL
2BC163;0200;GPBL
2BC164;0200;GPBL
2BC165;0200;GPBL
2BC166;0200;GPBL
2BC169;0200;GPBL
2BC170;0200;GPBL
2BC171;0200;GPBL
2BC173;0200;GPBL
2BC175;0200;GPBL
2BC180;0200;GPBL
2BC181;0200;GPBL
2BC182;0200;GPBL
2BC184;0200;GPBL
2BC186;0200;GPBL
2BC188;0200;GPBL
2BC189;0200;GPBL
2BC190;0200;GPBL
2BC191;0200;GPBL
2BC193;0200;GPBL
2BC194;0200;GPBL
2BC199;0200;GPBL
2BC201;0200;GPBL
2BC207;0200;GPBL
2BC250;0200;GPBL
2BC251;0200;GPBL
2BC252;0200;GPBL
2BC253;0200;GPBL
2BC254;0200;GPBL
2BC255;0200;GPBL
2BC256;0200;GPBL
2BC259;0200;GPBL
2BC260;0200;GPBL
2BC261;0200;GPBL
2BC262;0200;GPBL
2BC263;0200;GPBL
2BC264;0200;GPBL
2BC265;0200;GPBL
2BC266;0200;GPBL
2BC267;0200;GPBL
2BC268;0200;GPBL
2BC273;0200;GPBL
2BC274;0200;GPBL
2BC275;0200;GPBL
2BC277;0200;GPBL
2BC278;0200;GPBL
2BC280;0200;GPBL
2BC281;0200;GPBL
2BC282;0200;GPBL
2BC284;0200;GPBL
2BC286;0200;GPBL
2BC287;0200;GPBL
2BC289;0200;GPBL
2BC290;0200;GPBL
2BC291;0200;GPBL
2BC292;0200;GPBL
2BC293;0200;GPBL
2BC294;0200;GPBL
2BC295;0200;GPBL
2BC296;0200;GPBL
2BC297;0200;GPBL
2BC298;0200;GPBL
2BC299;0200;GPBL
2BC2XS;0200;GPBL
2BC300;0200;GPBL
2BC301;0200;GPBL
2BC302;0200;GPBL
2BC303;0200;GPBL
2BC304;0200;GPBL
2BC305;0200;GPBL
2BC308;0200;GPBL
2BC309;0200;GPBL
2BC311;0200;GPBL
2BC318;0200;GPBL
2BC320;0200;GPBL
2BC321;0200;GPBL
2BC323;0200;GPBL
2BC324;0200;GPBL
2BC325;0200;GPBL
2BC326;0200;GPBL
2BC327;0200;GPBL
2BC328;0200;GPBL
2BC329;0200;GPBL
2BC330;0200;GPBL
2BC331;0200;GPBL
2BC332;0200;GPBL
2BC333;0200;GPBL
2BC335;0200;GPBL
2BC336;0200;GPBL
2BC339;0200;GPBL
2BC340;0200;GPBL
2BC341;0200;GPBL
2BC342;0200;GPBL
2BC343;0200;GPBL
2BC344;0200;GPBL
2BC346;0200;GPBL
2BC347;0200;GPBL
2BC348;0200;GPBL
2BC350;0200;GPBL
2BC353;0200;GPBL
2BC354;0200;GPBL
2BC355;0200;GPBL
2BC356;0200;GPBL
2BC357;0330;GPBL
2BC358;0200;GPBL
2BC359;0200;GPBL
2BC360;0200;GPBL
2BC362;0100;GPBL
2BC363;0200;GPBL
2BC364;0200;GPBL
2BC366;0200;GPBL
2BC367;0200;GPBL
2BC368;0200;GPBL
2BC369;0200;GPBL
2BC370;0200;GPBL
2BC371;0200;GPBL
2BC372;0200;GPBL
2BC373;0200;GPBL
2BC375;0200;GPBL
2BC377;0200;GPBL
2BC378;0200;GPBL
2BC379;0200;GPBL
2BC380;0200;GPBL
2BC382;0200;GPBL
2BC385;0200;GPBL
2BC387;0200;GPBL
2BC388;0200;GPBL
2BC390;0200;GPBL
2BC392;0200;GPBL
2BC393;0200;GPBL
2BC400;0200;GPBL
2BC402;0200;GPBL
2BC403;0200;GPBL
2BC405;0200;GPBL
2BC406;0200;GPBL
2BC408;0200;GPBL
2BC409;0200;GPBL
2BC411;0200;GPBL
2BC413;0200;GPBL
2BC414;0200;GPBL
2BC416;0200;GPBL
2BC417;0200;GPBL
2BC419;0200;GPBL
2BC421;0200;GPBL
2BC422;0200;GPBL
2BC424;0200;GPBL
2BC429;0200;GPBL
2BC432;0200;GPBL
2BC434;0200;GPBL
2BC435;0200;GPBL
2BC436;0200;GPBL
2BC442;0200;GPBL
2BC443;0200;GPBL
2BC444;0200;GPBL
2BC446;0200;GPBL
2BC447;0200;GPBL
2BC448;0200;GPBL
2BC449;0200;GPBL
2BC450;0200;GPBL
2BC452;0200;GPBL
2BC453;0200;GPBL
2BC454;0200;GPBL
2BC456;0200;GPBL
2BC458;0200;GPBL
2BC459;0200;GPBL
2BC461;0200;GPBL
2BC462;0200;GPBL
2BC465;0200;GPBL
2BC466;0200;GPBL
2BC468;0200;GPBL
2BC469;0200;GPBL
2BC471;0200;GPBL
2BC474;0200;GPBL
2BC475;0200;GPBL
2BC478;0200;GPBL
2BC490;0200;GPBL
2BC493;0200;GPBL
2BC496;0200;GPBL
2BC497;0200;GPBL
2BC505;0200;GPBL
2BC507;0200;GPBL
2BC523;0200;GPBL
2BC550;0200;GPBL
2BC601;0200;GPBL
2BC602;0200;GPBL
2BC603;0200;GPBL
2BC604;0200;GPBL
2BC605;0200;GPBL
2BC606;0200;GPBL
2BC607;0200;GPBL
2BC608;0200;GPBL
2BC609;0200;GPBL
2BC610;0200;GPBL
2BC611;0200;GPBL
2BC612;0200;GPBL
2BC613;0200;GPBL
2BC614;0200;GPBL
2BC615;0200;GPBL
2BC616;0200;GPBL
2BC617;0200;GPBL
2BC618;0200;GPBL
2BC619;0200;GPBL
2BC620;0200;GPBL
2BC621;0200;GPBL
2BC622;0200;GPBL
2BC624;0200;GPBL
2BC625;0200;GPBL
2BC641;0200;GPBL
2BC644;0200;GPBL
2BC645;0200;GPBL
2BC646;0200;GPBL
2BC664;0200;GPBL
2BC665;0200;GPBL
2BC666;0200;GPBL
2BC670;0200;GPBL
2BC671;0200;GPBL
2BC672;0200;GPBL
2BC673;0200;GPBL
2BC674;0200;GPBL
2BC675;0200;GPBL
2BC688;0200;GPBL
2BC689;0200;GPBL
2BC690;0200;GPBL
2BC703;0200;GPBL
2BC704;0200;GPBL
2BC705;0200;GPBL
2BC706;0200;GPBL
2BC707;0200;GPBL
2BC708;0200;GPBL
2BC709;0200;GPBL
2BC710;0200;GPBL
2BC711;0200;GPBL
2BC712;0200;GPBL
2BC713;0200;GPBL
2BC714;0200;GPBL
2BC715;0200;GPBL
2BC717;0200;GPBL
2BC800;0200;GPBL
2BC803;0200;GPBL
2BC806;0200;GPBL
2BC811;0200;GPBL
2BC812;0200;GPBL
2BC813;0200;GPBL
2BC827;0200;GPBL
2BC828;0200;GPBL
2BC832;0200;GPBL
2BC833;0200;GPBL
2BC835;0200;GPBL
2BC839;0200;GPBL
2BC840;0200;GPBL
2BC842;0200;GPBL
2BC843;0200;GPBL
2BC844;0200;GPBL
2BC846;0200;GPBL
2BC848;0200;GPBL
2BC853;0200;GPBL
2BC854;0200;GPBL
2BC855;0200;GPBL
2BC856;0200;GPBL
2BC858;0200;GPBL
2BC863;0200;GPBL
2BC864;0200;GPBL
2BC865;0200;GPBL
2BC867;0200;GPBL
2BC868;0200;GPBL
2BC869;0200;GPBL
2BC870;0200;GPBL
2BC871;0200;GPBL
2BC872;0200;GPBL
2BC892;0200;GPBL
2BC894;0200;GPBL
2BC895;0200;GPBL
2BC897;0200;GPBL
2BC902;0200;GPBL
2BC905;0200;GPBL
2BC910;0200;GPBL
2BC911;0200;GPBL
2BC912;0200;GPBL
2BC913;0200;GPBL
2BC914;0200;GPBL
2BC915;0200;GPBL
2BC924;0200;GPBL
2BC930;0200;GPBL
2BC933;0200;GPBL
2BC934;0200;GPBL
2BC935;0200;GPBL
2BC936;0200;GPBL
2BC937;0200;GPBL
2BC939;0200;GPBL
2BC940;0200;GPBL
2BC941;0200;GPBL
2BC942;0200;GPBL
2BC943;0200;GPBL
2BC947;0200;GPBL
2BC949;0200;GPBL
2BC952;0200;GPBL
2BC956;0200;GPBL
2BC960;0200;GPBL
2BC970;0200;GPBL
2BC971;0200;GPBL
2BC972;0200;GPBL
2BC981;0200;GPBL
2BC986;0200;GPBL
2BC990;0200;GPBL
2BCA50;0200;GPBL
2BCA60;0200;GPBL
2BCA62;0200;GPBL
2BCA68;0200;GPBL
2BCA70;0200;GPBL
2BCALT;0200;GPBL
2BCB4X;0200;GPBL
2BCBCI;0200;GPBL
2BCBNT;0200;GPBL
2BCC07;0200;GPBL
2BCC28;0200;GPBL
2BCC35;0200;GPBL
2BCC37;0200;GPBL
2BCCIH;0200;GPBL
2BCCLR;0200;GPBL
2BCCON;0200;GPBL
2BCCPI;0200;GPBL
2BCDCE;0200;GPBL
2BCDF2;0200;GPBL
2BCDF5;0200;GPBL
2BCDIE;0200;GPBL
2BCDIL;0200;GPBL
2BCDIM;0200;GPBL
2BCDMX;0200;GPBL
2BCDSX;0200;GPBL
2BCDTS;0200;GPBL
2BCHCN;0200;GPBL
2BCMAP;0200;GPBL
2BCMBV;0200;GPBL
2BCMCL;0200;GPBL
2BCMCO;0200;GPBL
2BCMOP;0200;GPBL
2BCMOV;0200;GPBL
2BCMWS;0200;ERS
2BCN50;0200;GPBL
2BCNF2;0200;GPBL
2BCNF5;0200;GPBL
2BCNF8;0200;GPBL
2BCNXD;0200;GPBL
2BCNXL;0200;GPBL
2BCNXS;0200;GPBL
2BCSEA;0200;GPBL
2BCSET;0200;GPBL
2BCSMX;0200;GPBL
2BCSX1;0200;GPBL
2BCSX2;0200;GPBL
2BCXS2;0200;GPBL
2DI173;0400;GPBL
2DI174;0400;GPBL
2DI175;0200;GPBL
2DI177;0200;GPBL
2DI180;0400;GPBL
2DI189;0400;GPBL
2DI190;0400;GPBL
2DI191;0400;GPBL
2DI387;0200;GPBL
2DI388;0200;GPBL
2DI404;0200;GPBL
2DI406;0200;GPBL
2DI436;0200;GPBL
2DI476;0200;GPBL
2DI485;0400;GPBL
2DI489;0200;GPBL
2DI508;0400;GPBL
2DI685;0200;GPBL
2DI686;0200;GPBL
2DI695;0400;GPBL
2DI835;0700;GPBL
2DI874;0330;GPBL
2DI890;0700;GPBL
2DI895;0700;GPBL
2DI897;0330;GPBL
2DI898;0700;GPBL
2DI901;0330;GPBL
2DI902;0330;GPBL
2DI903;0330;GPBL
2DI904;0330;GPBL
2DI905;0330;GPBL
2DI912;0700;GPBL
2DI913;0330;GPBL
2DI916;0200;GPBL
2DI919;0700;GPBL
2DI921;0330;GPBL
2DI922;0330;GPBL
2DI927;0700;GPBL
2DI928;0330;GPBL
2DI931;0700;GPBL
2DI933;0700;GPBL
2DI934;0700;GPBL
2DI935;0700;GPBL
2DI936;0700;GPBL
2DI937;0700;GPBL
2DI938;0700;GPBL
2DI941;0700;GPBL
2DI942;0700;GPBL
2DI943;0700;GPBL
2DI950;0700;GPBL
2DI952;0700;GPBL
2DI954;0100;GPBL
2DI967;0700;GPBL
2DI984;0100;GPBL
2DI985;0330;GPBL
2DI991;0200;GPBL
2DI994;0300;GPBL
2DI996;0730;GPBL
2DIA43;0700;GPBL
2DIA60;0700;GPBL
2DIA62;0700;GPBL
2DIA68;0700;GPBL
2DIA70;0700;GPBL
2DIA90;0700;GPBL
2DIANM;0700;GPBL
2DIATI;0330;GPBL
2DIB3X;0700;GPBL
2DIB4X;0700;GPBL
2DIBCI;0330;GPBL
2DIBLI;0330;GPBL
2DIC35;0700;GPBL
2DIC37;0700;GPBL
2DIC4X;0700;GPBL
2DIC6X;0700;GPBL
2DICIH;0700;GPBL
2DICLR;0700;GPBL
2DIDF2;0700;GPBL
2DIDF5;0700;GPBL
2DIDIE;0700;GPBL
2DIHCN;0700;GPBL
2DILAA;0330;GPBL
2DIMOS;0700;GPBL
2DIMWS;0700;ERS
2DINF2;0700;GPBL
2DINF5;0700;GPBL
2DINF8;0700;GPBL
2DIP14;0700;GPBL
2DIUAD;0700;GPBL
2DIUCE;0700;GPBL
2IS210;0030;GPBL
2ISIPA;0200;GPBL
2ISLPA;0200;GPBL
2ISNUM;0200;GPBL
2ISTDS;0030;GPBL
2ONPOW;0400;GPBL
2OS834;0700;GPBL
2OS899;0100;GPBL
2OS917;0330;GPBL
2OS930;0700;GPBL
2OS947;0700;GPBL
2OS948;0700;GPBL
2OS949;0700;GPBL
2OS960;0700;GPBL
2OS982;0300;GPBL
2OS992;0330;GPBL
2OS993;0330;GPBL
2OS995;0200;GPBL
2OS998;0330;GPBL
2OS999;0300;GPBL
2PC100;0330;GPBL
2PC101;0330;GPBL
2PC102;0330;GPBL
2PC104;0330;GPBL
2PC129;0330;GPBL
2PC133;0330;GPBL
2PC134;0330;GPBL
2PC135;0330;GPBL
2PC136;0200;GPBL
2PC138;0200;GPBL
2PC140;0200;GPBL
2PC141;0200;GPBL
2PC142;0200;GPBL
2PC143;0200;GPBL
2PC144;0200;GPBL
2PC148;0330;GPBL
2PC149;0330;GPBL
2PC150;0330;GPBL
2PC151;0330;GPBL
2PC152;0330;GPBL
2PC153;0330;GPBL
2PC154;0330;GPBL
2PC156;0330;GPBL
2PC157;0330;GPBL
2PC163;0330;GPBL
2PC166;0330;GPBL
2PC207;0330;GPBL
2PC2XD;0330;GPBL
2PC382;0200;GPBL
2PC3XL;0330;GPBL
2PC475;0200;GPBL
2PC478;0200;GPBL
2PC496;0400;GPBL
2PC497;0400;GPBL
2PC600;0330;GPBL
2PC601;0330;GPBL
2PC602;0200;GPBL
2PC604;0200;GPBL
2PC606;0200;GPBL
2PC608;0200;GPBL
2PC609;0200;GPBL
2PC610;0200;GPBL
2PC611;0200;GPBL
2PC612;0200;GPBL
2PC613;0200;GPBL
2PC614;0200;GPBL
2PC615;0200;GPBL
2PC616;0330;GPBL
2PC617;0330;GPBL
2PC618;0330;GPBL
2PC619;0330;GPBL
2PC620;0330;GPBL
2PC624;0330;GPBL
2PC644;0330;GPBL
2PC646;0330;GPBL
2PC672;0400;GPBL
2PC673;0400;GPBL
2PC674;0400;GPBL
2PC703;0330;GPBL
2PC717;0200;GPBL
2PC831;0330;GPBL
2PC839;0730;GPBL
2PC851;0330;GPBL
2PC853;0700;GPBL
2PC854;0700;GPBL
2PC856;0700;GPBL
2PC859;0700;GPBL
2PC860;0700;GPBL
2PC867;0200;GPBL
2PC868;0200;GPBL
2PC869;0200;GPBL
2PC870;0200;GPBL
2PC871;0200;GPBL
2PC872;0200;GPBL
2PC894;0330;GPBL
2PC915;0730;GPBL
2PC929;0700;GPBL
2PC939;0700;GPBL
2PC940;0700;GPBL
2PC951;0700;GPBL
2PC988;0330;GPBL
2PCA50;0330;GPBL
2PCDCE;0330;GPBL
2PCDIL;0330;GPBL
2PCDIM;0330;GPBL
2PCDSX;0330;GPBL
2PCDTS;0330;GPBL
2PCMAP;0200;GPBL
2PCMBV;0200;GPBL
2PCMCB;0200;GPBL
2PCMCL;0200;GPBL
2PCMCO;0330;GPBL
2PCMOP;0330;GPBL
2PCMOV;0330;GPBL
2PCN50;0330;GPBL
2PCNXL;0330;GPBL
2PCNXS;0330;GPBL
2PCSMX;0330;GPBL
2PCSX1;0330;GPBL
2PCSX2;0330;GPBL
2PCXS2;0330;GPBL
2PD100;0200;GPBL
2PD101;0200;GPBL
2PD104;0200;GPBL
2PD129;0700;GPBL
2PD133;0200;GPBL
2PD134;0200;GPBL
2PD135;0200;GPBL
2PD136;0200;GPBL
2PD138;0200;GPBL
2PD140;0200;GPBL
2PD141;0200;GPBL
2PD142;0200;GPBL
2PD143;0200;GPBL
2PD144;0200;GPBL
2PD148;0200;GPBL
2PD149;0200;GPBL
2PD150;0200;GPBL
2PD151;0200;GPBL
2PD152;0200;GPBL
2PD153;0200;GPBL
2PD154;0200;GPBL
2PD156;0200;GPBL
2PD157;0200;GPBL
2PD163;0200;GPBL
2PD207;0200;GPBL
2PD3XL;0100;GPBL
2PD475;0200;GPBL
2PD478;0200;GPBL
2PD600;0200;GPBL
2PD601;0200;GPBL
2PD602;0200;GPBL
2PD604;0200;GPBL
2PD606;0200;GPBL
2PD608;0200;GPBL
2PD609;0200;GPBL
2PD610;0200;GPBL
2PD611;0200;GPBL
2PD612;0200;GPBL
2PD613;0200;GPBL
2PD614;0200;GPBL
2PD615;0200;GPBL
2PD616;0100;GPBL
2PD617;0100;GPBL
2PD618;0100;GPBL
2PD619;0100;GPBL
2PD620;0100;GPBL
2PD624;0100;GPBL
2PD644;0100;GPBL
2PD646;0200;GPBL
2PD672;0200;GPBL
2PD673;0200;GPBL
2PD674;0200;GPBL
2PD703;0200;GPBL
2PD717;0100;GPBL
2PD866;0200;GPBL
2PD867;0200;GPBL
2PD868;0200;GPBL
2PD869;0200;GPBL
2PD870;0200;GPBL
2PD871;0200;GPBL
2PD872;0200;GPBL
2PD895;0200;GPBL
2PD989;0330;GPBL
2PDA50;0100;GPBL
2PDDCE;0200;GPBL
2PDDIL;0200;GPBL
2PDDIM;0200;GPBL
2PDDSX;0200;GPBL
2PDDTS;0200;GPBL
2PDMAP;0200;GPBL
2PDMBV;0200;GPBL
2PDMCB;0200;GPBL
2PDMCL;0200;GPBL
2PDMCO;0100;GPBL
2PDMOP;0200;GPBL
2PDMOV;0200;GPBL
2PDN50;0200;GPBL
2PDNXL;0200;GPBL
2PDSMX;0100;GPBL
2PDSX1;0100;GPBL
2PDSX2;0100;GPBL
2PDXS2;0200;GPBL
2PI100;0730;GPBL
2PI101;0700;GPBL
2PI102;0730;GPBL
2PI103;0200;GPBL
2PI104;0730;GPBL
2PI105;0700;GPBL
2PI106;0200;GPBL
2PI107;0700;GPBL
2PI108;0700;GPBL
2PI109;0700;GPBL
2PI110;0700;GPBL
2PI111;0700;GPBL
2PI116;0700;ERS
2PI117;0700;GPBL
2PI118;0700;GPBL
2PI119;0700;GPBL
2PI120;0700;GPBL
2PI121;0700;GPBL
2PI122;0700;GPBL
2PI123;0700;GPBL
2PI124;0700;GPBL
2PI125;0700;GPBL
2PI126;0700;GPBL
2PI127;0700;GPBL
2PI128;0700;GPBL
2PI129;0700;GPBL
2PI131;0700;GPBL
2PI132;0700;GPBL
2PI133;0700;GPBL
2PI134;0700;GPBL
2PI135;0730;GPBL
2PI136;0400;GPBL
2PI137;0400;GPBL
2PI138;0400;GPBL
2PI139;0400;GPBL
2PI140;0400;GPBL
2PI141;0400;GPBL
2PI142;0400;GPBL
2PI143;0400;GPBL
2PI144;0700;GPBL
2PI146;0700;GPBL
2PI148;0730;GPBL
2PI149;0730;GPBL
2PI150;0730;GPBL
2PI151;0730;GPBL
2PI152;0730;GPBL
2PI153;0730;GPBL
2PI154;0730;GPBL
2PI156;0730;GPBL
2PI157;0730;GPBL
2PI158;0700;GPBL
2PI159;0700;GPBL
2PI162;0700;GPBL
2PI163;0700;GPBL
2PI164;0700;GPBL
2PI166;0730;GPBL
2PI169;0700;GPBL
2PI170;0700;GPBL
2PI171;0700;GPBL
2PI172;0200;GPBL
2PI179;0200;GPBL
2PI207;0730;GPBL
2PI250;0200;GPBL
2PI254;0200;GPBL
2PI255;0200;GPBL
2PI256;0200;GPBL
2PI257;0200;GPBL
2PI262;0200;GPBL
2PI264;0200;GPBL
2PI266;0200;GPBL
2PI275;0200;GPBL
2PI277;0200;GPBL
2PI278;0200;GPBL
2PI280;0200;GPBL
2PI281;0200;GPBL
2PI286;0200;GPBL
2PI289;0200;GPBL
2PI290;0200;GPBL
2PI291;0200;GPBL
2PI292;0200;GPBL
2PI293;0200;GPBL
2PI294;0200;GPBL
2PI295;0200;GPBL
2PI297;0200;GPBL
2PI299;0200;GPBL
2PI2XL;0730;GPBL
2PI300;0200;GPBL
2PI301;0200;GPBL
2PI302;0200;GPBL
2PI303;0200;GPBL
2PI304;0200;GPBL
2PI308;0200;GPBL
2PI309;0200;GPBL
2PI311;0200;GPBL
2PI315;0200;GPBL
2PI317;0200;GPBL
2PI318;0200;GPBL
2PI319;0200;GPBL
2PI320;0200;GPBL
2PI321;0200;GPBL
2PI324;0200;GPBL
2PI326;0200;GPBL
2PI327;0200;GPBL
2PI328;0200;GPBL
2PI329;0200;GPBL
2PI331;0200;GPBL
2PI332;0200;GPBL
2PI333;0200;GPBL
2PI334;0200;GPBL
2PI335;0200;GPBL
2PI336;0200;GPBL
2PI340;0200;GPBL
2PI341;0200;GPBL
2PI342;0200;GPBL
2PI343;0200;GPBL
2PI345;0200;GPBL
2PI346;0200;GPBL
2PI349;0200;GPBL
2PI350;0200;GPBL
2PI352;0200;GPBL
2PI353;0200;GPBL
2PI354;0200;GPBL
2PI355;0200;GPBL
2PI356;0200;GPBL
2PI360;0200;GPBL
2PI363;0200;GPBL
2PI366;0200;GPBL
2PI367;0200;GPBL
2PI368;0200;GPBL
2PI369;0200;GPBL
2PI370;0200;GPBL
2PI371;0200;GPBL
2PI372;0200;GPBL
2PI383;0200;GPBL
2PI393;0200;GPBL
2PI395;0200;GPBL
2PI396;0200;GPBL
2PI3XL;0730;GPBL
2PI401;0200;GPBL
2PI402;0200;GPBL
2PI403;0200;GPBL
2PI409;0200;GPBL
2PI414;0200;GPBL
2PI416;0200;GPBL
2PI422;0200;GPBL
2PI432;0200;GPBL
2PI433;0200;GPBL
2PI434;0200;GPBL
2PI435;0200;GPBL
2PI437;0200;GPBL
2PI466;0200;GPBL
2PI467;0200;GPBL
2PI475;0400;GPBL
2PI477;0200;GPBL
2PI478;0400;GPBL
2PI479;0200;GPBL
2PI481;0200;GPBL
2PI483;0200;GPBL
2PI490;0400;GPBL
2PI495;0200;GPBL
2PI507;0200;GPBL
2PI514;0200;GPBL
2PI515;0200;GPBL
2PI516;0200;GPBL
2PI600;0730;GPBL
2PI601;0730;GPBL
2PI602;0400;GPBL
2PI603;0400;GPBL
2PI604;0400;GPBL
2PI605;0700;GPBL
2PI606;0700;GPBL
2PI607;0730;GPBL
2PI608;0700;GPBL
2PI609;0400;GPBL
2PI610;0400;GPBL
2PI611;0400;GPBL
2PI612;0400;GPBL
2PI613;0700;GPBL
2PI614;0400;GPBL
2PI615;0400;GPBL
2PI616;0730;GPBL
2PI617;0730;GPBL
2PI618;0730;GPBL
2PI619;0730;GPBL
2PI620;0730;GPBL
2PI622;0730;GPBL
2PI623;0730;GPBL
2PI624;0730;GPBL
2PI629;0700;GPBL
2PI630;0700;GPBL
2PI632;0700;GPBL
2PI633;0700;GPBL
2PI642;0700;GPBL
2PI643;0700;GPBL
2PI644;0730;GPBL
2PI645;0730;GPBL
2PI646;0730;GPBL
2PI656;0200;GPBL
2PI657;0200;GPBL
2PI658;0200;GPBL
2PI659;0200;GPBL
2PI660;0200;GPBL
2PI661;0200;GPBL
2PI662;0200;GPBL
2PI663;0200;GPBL
2PI664;0200;GPBL
2PI665;0200;GPBL
2PI666;0200;GPBL
2PI667;0200;GPBL
2PI672;0730;GPBL
2PI673;0730;GPBL
2PI674;0730;GPBL
2PI675;0200;GPBL
2PI698;0400;GPBL
2PI701;0700;GPBL
2PI702;0700;GPBL
2PI703;0730;GPBL
2PI704;0700;GPBL
2PI705;0730;GPBL
2PI706;0730;GPBL
2PI707;0730;GPBL
2PI708;0730;GPBL
2PI709;0730;GPBL
2PI710;0730;GPBL
2PI711;0700;GPBL
2PI712;0700;GPBL
2PI713;0730;GPBL
2PI714;0730;GPBL
2PI715;0730;GPBL
2PI717;0400;GPBL
2PI801;0400;GPBL
2PI802;0400;GPBL
2PI803;0400;GPBL
2PI804;0200;GPBL
2PI810;0200;GPBL
2PI811;0200;GPBL
2PI812;0200;GPBL
2PI815;0200;GPBL
2PI830;0200;GPBL
2PI837;0700;GPBL
2PI841;0700;GPBL
2PI842;0700;GPBL
2PI843;0700;GPBL
2PI844;0700;GPBL
2PI846;0700;GPBL
2PI848;0700;GPBL
2PI861;0400;GPBL
2PI862;0730;GPBL
2PI863;0900;GPBL
2PI866;0400;GPBL
2PI867;0400;GPBL
2PI868;0400;GPBL
2PI869;0400;GPBL
2PI870;0400;GPBL
2PI871;0400;GPBL
2PI872;0400;GPBL
2PI879;0400;GPBL
2PI906;0330;GPBL
2PI907;0330;GPBL
2PI910;0730;GPBL
2PI914;0330;GPBL
2PI917;0200;GPBL
2PI923;0330;GPBL
2PI975;0700;GPBL
2PI990;0330;GPBL
2PIA50;0700;GPBL
2PIALM;0400;GPBL
2PIASM;0400;GPBL
2PICCL;0700;GPBL
2PICIM;0400;GPBL
2PICOA;0400;GPBL
2PICON;0500;GPBL
2PIDIL;0700;GPBL
2PIDIM;0700;GPBL
2PIDTS;0700;GPBL
2PIMAP;0200;GPBL
2PIMBV;0200;GPBL
2PIMCB;0200;GPBL
2PIMCL;0200;GPBL
2PIMCO;0730;GPBL
2PIMOP;0730;GPBL
2PIMOV;0730;GPBL
2PIN50;0700;GPBL
2PINXD;0700;GPBL
2PINXL;0700;GPBL
2PINXS;0700;GPBL
2PISEA;0500;GPBL
2PISET;0300;GPBL
2XI134;0730;GPBL
2XI688;0200;GPBL
2XI689;0200;GPBL
2XI690;0200;GPBL
2XI691;0200;GPBL
2XI873;0330;GPBL
2XI883;0400;GPBL
2XI884;0400;GPBL
2XI885;0400;GPBL
2XI886;0400;GPBL
2XI887;0400;GPBL
2XI888;0400;GPBL
2XI889;0400;GPBL
2XI894;0730;GPBL
2XI970;0500;GPBL
2XI971;0700;GPBL
2XI972;0700;GPBL
2XI981;0700;GPBL
2XI987;0100;GPBL
2XIDCE;0730;GPBL
2XIDIM;0730;GPBL
2XIDMX;0730;GPBL
2XIDSX;0730;GPBL
2XISMX;0730;GPBL
2XISX1;0730;GPBL
2XISX2;0730;GPBL
2XIXS2;0730;GPBL
ADIDGT;0030;GPBL
AIDDSL;0200;GPBL
AIDINF;0130;GPBL
AUTGCI;0200;GPBL
AUTRLO;0200;GPBL
AVVIPW;0730;ERS
AVVLAN;0600;ERS
AVVPBX;0400;ERS
AXEEAR;0030;ERS
AXEURA;0030;ERS
BCTHAD;0200;ERS
BCTPBX;0200;ERS
CLAC2E;0300;ERS
CLACEC;0300;ERS
CLASLE;0300;ERS
CLGCDA;0400;GPBL
CLGCDS;0400;GPBL
CLGCNA;0400;GPBL
CLGCNS;0400;GPBL
CLGCTA;0400;GPBL
CLGCTS;0400;GPBL
CLGCUD;0230;GPBL
CLGCUT;0230;GPBL
CLGDGO;0200;GPBL
CLGEAC;0400;GPBL
CLGFOA;0400;GPBL
CLGFOS;0400;GPBL
CLGFTH;0400;GPBL
CLGGCI;0400;GPBL
CLGPOT;0200;GPBL
CLGPSU;0400;GPBL
CLOCDA;0530;GPBL
CLOCDS;0530;GPBL
CLOCNA;0530;GPBL
CLOCNS;0530;GPBL
CLOCTA;0530;GPBL
CLOCTS;0530;GPBL
CLODGO;0230;GPBL
CLOEAC;0530;GPBL
CLOFOA;0530;GPBL
CLOFOS;0530;GPBL
CLOFTH;0530;GPBL
CLOGCI;0530;GPBL
CLOPOT;0530;GPBL
CLOPSU;0530;GPBL
CLORLO;0400;GPBL
CNEDEG;0030;GPBL
CNEDSL;0030;GPBL
CNENUB;0030;GPBL
CNEPUB;0030;GPBL
CNETEL;0030;GPBL
CNEVGA;0030;GPBL
CNEVGN;0030;GPBL
CNEVGT;0030;GPBL
CNEVNN;0030;GPBL
CNEVSL;0030;GPBL
CPCANU;0200;GPBL
CPCDGT;0200;GPBL
CPCVNU;0200;GPBL
CPPFTH;0100;GPBL
CRS2MB;0230;ERS
CRSACT;0300;ERS
CRSATM;0200;ERS
CRSAXE;0200;ERS
CRSBAT;0100;ERS
CRSBLC;0200;ERS
CRSBLO;0200;ERS
CRSCAL;0100;ERS
CRSCIP;0200;ERS
CRSCLI;0200;ERS
CRSDIG;0100;ERS
CRSDSL;0200;ERS
CRSDTV;0200;ERS
CRSE10;0200;ERS
CRSEAS;0200;ERS
CRSECU;0200;ERS
CRSEET;0300;ERS
CRSEFF;0100;ERS
CRSETH;0230;ERS
CRSFHZ;0230;ERS
CRSFOP;0230;ERS
CRSGPR;0130;ERS
CRSLAN;0200;ERS
CRSLLS;0200;ERS
CRSLTE;0200;ERS
CRSMOB;0230;ERS
CRSMOH;0200;ERS
CRSMT2;0200;ERS
CRSNRJ;0200;ERS
CRSO60;0200;ERS
CRSOLT;0200;ERS
CRSPAV;0030;ERS
CRSPCO;0200;ERS
CRSPDH;0230;ERS
CRSRAD;0200;ERS
CRSRHN;0300;ERS
CRSRTN;0230;ERS
CRSSAT;0300;ERS
CRSSCI;0130;ERS
CRSSDH;0230;ERS
CRSSSM;0300;ERS
CRSTHD;0230;ERS
CRSURA;0230;ERS
CRSVID;0100;ERS
CRSVSL;0200;ERS
CRSWDM;0230;ERS
CRSX25;0200;ERS
CTLCDA;0230;GPBL
CTLCDS;0230;GPBL
CTLCNA;0230;GPBL
CTLCNS;0230;GPBL
CTLCTA;0230;GPBL
CTLCTS;0230;GPBL
CTLEAC;0230;GPBL
CTLFOS;0230;GPBL
CTLFTH;0230;GPBL
CTLGCI;0230;GPBL
CTLPOT;0230;GPBL
CTLPSU;0230;GPBL
CTOCDA;0730;GPBL
CTOCDS;0730;GPBL
CTOCNS;0730;GPBL
CTOCTA;0730;GPBL
CTOCTS;0730;GPBL
CTOEAC;0730;GPBL
CTOFOA;0730;GPBL
CTOFOS;0730;GPBL
CTOFTH;0730;GPBL
CTOGCI;0730;GPBL
CTOPOT;0730;GPBL
CTOPSU;0730;GPBL
DCOANU;0200;GPBL
DCOCDA;0300;GPBL
DCODEG;0200;GPBL
DCODGO;0300;GPBL
DCODGT;0200;GPBL
DCOFTH;0300;GPBL
DCOGCI;0300;GPBL
DCORLO;0300;GPBL
DCSCUD;0400;GPBL
DCSCUN;0400;GPBL
DCSCUT;0400;GPBL
DCSDIC;0400;GPBL
DCSEAC;0400;GPBL
DCSFOP;0400;GPBL
DCSGCI;0400;GPBL
DCSPOT;0400;GPBL
DCSPSU;0400;GPBL
DETCDA;0300;GPBL
DETGCI;0300;GPBL
DETRLO;0130;GPBL
DEVDSL;0300;GPBL
DEVIPM;0300;ERS
DEVIPW;0300;ERS
DEVPB1;0200;ERS
DEVPBX;0030;ERS
DEVRLE;0200;ERS
DOMGCI;0400;GPBL
DOMRLO;0400;GPBL
DPSBRA;0130;GPBL
DPSCUD;0400;GPBL
DPSCUN;0400;GPBL
DPSCUT;0400;GPBL
DPSEAC;0400;GPBL
DPSFOP;0400;GPBL
DPSGCI;0400;GPBL
DPSJRT;0330;GPBL
DPSPOT;0400;GPBL
DPSPRT;0330;GPBL
DPSPSU;0400;GPBL
DPSPUB;0400;GPBL
E10CSN;0030;GPBL
E10URA;0030;GPBL
ELGACO;0400;GPBL
ELGAQD;0400;GPBL
ELGCDA;0400;GPBL
ELGCDS;0400;GPBL
ELGCNS;0400;GPBL
ELGCTA;0400;GPBL
ELGCTS;0400;GPBL
ELGEAC;0400;GPBL
ELGFOA;0400;GPBL
ELGFOS;0400;GPBL
ELGFTH;0400;GPBL
ELGGCI;0400;GPBL
ELGPOT;0400;GPBL
ELGPSU;0400;GPBL
ELGVCA;0400;GPBL
ELGVGC;0400;GPBL
ELOAQD;0530;GPBL
ELOCDA;0530;GPBL
ELOCDS;0530;GPBL
ELOCNS;0530;GPBL
ELOCTA;0530;GPBL
ELOCTS;0530;GPBL
ELOCUD;0530;GPBL
ELOCUT;0530;GPBL
ELOEAC;0530;GPBL
ELOFOA;0530;GPBL
ELOFOS;0530;GPBL
ELOGCI;0530;GPBL
ELOPOT;0530;GPBL
ELOPSU;0530;GPBL
ELOVCA;0530;GPBL
ELOVGC;0530;GPBL
EMA155;0200;ERS
EMA34M;0200;ERS
EMAAAS;0200;ERS
EMAAGN;0200;ERS
EMAAIR;0200;ERS
EMAASC;0200;ERS
EMABCL;0330;ERS
EMABCT;0200;ERS
EMABEC;0200;ERS
EMABIC;0200;ERS
EMABIH;0200;ERS
EMABIN;0200;ERS
EMABIO;0200;ERS
EMABIV;0200;ERS
EMABLC;0200;ERS
EMABLO;0200;ERS
EMABNH;0200;ERS
EMABOH;0200;ERS
EMABTC;0200;ERS
EMABTI;0200;ERS
EMABTO;0200;ERS
EMABTP;0200;ERS
EMABTU;0200;ERS
EMABUH;0200;ERS
EMABVH;0200;ERS
EMABVN;0200;ERS
EMAC2E;0200;ERS
EMACAM;0230;ERS
EMACEC;0200;ERS
EMACEF;0200;ERS
EMACN2;0200;ERS
EMAD2A;0200;ERS
EMADGT;0130;GPBL
EMADIA;0200;ERS
EMADMY;0200;ERS
EMADSY;0200;ERS
EMADXS;0200;ERS
EMAECO;0230;ERS
EMAEDI;0230;ERS
EMAETE;0200;ERS
EMAETF;0700;ERS
EMAETL;0200;ERS
EMAEVP;0200;ERS
EMAFTH;0200;ERS
EMAGIG;0200;ERS
EMAHAD;0200;ERS
EMAHSW;0200;ERS
EMAICT;0200;ERS
EMAIEC;0200;ERS
EMAIEF;0200;ERS
EMAIL1;0200;ERS
EMAIL2;0200;ERS
EMAIPV;0200;ERS
EMALAB;0200;ERS
EMALIN;0200;ERS
EMALL2;0200;ERS
EMALLA;0200;ERS
EMALLI;0200;ERS
EMALPT;0200;ERS
EMAMAL;0230;ERS
EMAMAN;0200;ERS
EMAMBT;0200;ERS
EMAMCO;0230;ERS
EMAMET;0200;ERS
EMAMHD;0200;ERS
EMAMIV;0200;ERS
EMAMLA;0200;ERS
EMAMON;0200;ERS
EMAMSH;0200;ERS
EMAMUL;0230;ERS
EMAMUS;0200;ERS
EMAMXX;0230;ERS
EMANUB;0200;ERS
EMANUP;0200;ERS
EMAOPE;0200;ERS
EMAOPH;0200;ERS
EMAOPM;0200;ERS
EMAOPO;0200;ERS
EMAOPS;0200;ERS
EMAOSM;0200;ERS
EMAOVP;0200;ERS
EMAOXE;0230;ERS
EMAPBX;0200;ERS
EMAPER;0200;ERS
EMAPGP;0200;ERS
EMAPMZ;0400;ERS
EMAPSA;0200;ERS
EMAPSS;0200;ERS
EMAPSW;0200;ERS
EMARHN;0200;ERS
EMARTV;0200;ERS
EMASAL;0230;ERS
EMASLE;0200;ERS
EMASML;0230;ERS
EMASXN;0230;ERS
EMASXX;0230;ERS
EMATAL;0200;ERS
EMATAS;0200;ERS
EMATFI;0200;ERS
EMATFM;0200;ERS
EMAUFC;0200;ERS
EMAVEC;0200;ERS
EMAVGA;0130;GPBL
EMAVGN;0130;GPBL
EMAVGT;0130;GPBL
EPACUD;0400;GPBL
EPACUN;0400;GPBL
EPACUT;0400;GPBL
EPADEG;0100;GPBL
EPADGT;0100;GPBL
EPADSL;0100;GPBL
EPADTP;0100;GPBL
EPAFOP;0100;GPBL
EPAGCI;0100;GPBL
EPAIPM;0100;GPBL
EPAIPW;0100;GPBL
EPALLS;0100;ERS
EPANUB;0100;GPBL
EPANUP;0100;ERS
EPAPBX;0130;ERS
EPAPOT;0100;GPBL
EPAPUB;0100;GPBL
EPARLE;0200;ERS
EPATEL;0100;GPBL
EPATSL;0100;ERS
EPR155;0300;ERS
EPRAIR;0300;ERS
EPRAUD;0400;ERS
EPRBEC;0300;ERS
EPRBEW;0200;ERS
EPRBIH;0300;ERS
EPRBIN;0300;ERS
EPRBIO;0200;ERS
EPRBIV;0400;ERS
EPRBNH;0300;ERS
EPRBOH;0200;ERS
EPRBTI;0300;ERS
EPRBVH;0400;ERS
EPRBVN;0300;ERS
EPRC2E;0200;ERS
EPRCEC;0300;ERS
EPRCEF;0300;ERS
EPRCN2;0300;ERS
EPRD2A;0500;ERS
EPRDIA;0700;ERS
EPRDIS;0030;ERS
EPRDMY;0700;ERS
EPRDOP;0130;ERS
EPRDSY;0700;ERS
EPRDXS;0700;ERS
EPRETC;0300;ERS
EPRETF;0700;ERS
EPREVP;0300;ERS
EPRFTH;0200;ERS
EPRGIG;0300;ERS
EPRICT;0800;ERS
EPRIEC;0300;ERS
EPRIEF;0300;ERS
EPRIL1;0400;ERS
EPRIL2;0800;ERS
EPRINO;0400;ERS
EPRINV;0400;ERS
EPRIPV;0400;ERS
EPRLAB;0300;ERS
EPRLL2;0330;ERS
EPRLLA;0330;ERS
EPRLLI;0600;ERS
EPRLPR;0300;ERS
EPRLPT;0200;ERS
EPRMET;0700;ERS
EPRMHD;0300;ERS
EPRMIL;0030;ERS
EPRMIV;0200;ERS
EPRMLA;0800;ERS
EPRMUS;0700;ERS
EPRNUB;0200;ERS
EPRNUP;0400;ERS
EPROPE;0200;ERS
EPROPH;0400;ERS
EPROPM;0400;ERS
EPROPO;0400;ERS
EPROPV;0100;ERS
EPROVP;0300;ERS
EPRPER;0400;ERS
EPRPSA;0700;ERS
EPRPSW;0700;ERS
EPRRCP;0100;ERS
EPRREA;0330;ERS
EPRRHN;0400;ERS
EPRSLE;0200;ERS
EPRSOU;0200;ERS
EPRTAS;0400;ERS
EPRTFI;0400;ERS
EPRTFM;0400;ERS
EPRVEC;0300;ERS
EPRVEF;0300;ERS
ESCDSL;0200;GPBL
ESCFTH;0200;GPBL
ESCNNU;0200;GPBL
ESCVSL;0130;GPBL
ESHFTH;0400;ERS
ETLACO;0230;GPBL
ETLAQD;0230;GPBL
ETLCDA;0230;GPBL
ETLCDS;0230;GPBL
ETLCNS;0230;GPBL
ETLCTA;0230;GPBL
ETLCTS;0230;GPBL
ETLEAC;0230;GPBL
ETLFOA;0230;GPBL
ETLFOS;0230;GPBL
ETLGCI;0230;GPBL
ETLPOT;0230;GPBL
ETLPSU;0230;GPBL
ETLVCA;0230;GPBL
ETLVGC;0230;GPBL
ETOAQD;0730;GPBL
ETOCDA;0730;GPBL
ETOCDS;0730;GPBL
ETOCNS;0730;GPBL
ETOCTA;0730;GPBL
ETOCTS;0730;GPBL
ETOEAC;0730;GPBL
ETOFOA;0730;GPBL
ETOFOS;0730;GPBL
ETOGCI;0730;GPBL
ETOPOT;0730;GPBL
ETOPSU;0730;GPBL
ETOVCA;0730;GPBL
ETOVGC;0730;GPBL
ETUA11;0030;GPBL
ETUA21;0030;GPBL
ETUCE1;0030;GPBL
ETUCN1;0030;GPBL
ETUCO1;0030;GPBL
ETUCT1;0030;GPBL
ETUCW1;0030;GPBL
ETUDE1;0030;GPBL
ETUDG1;0030;GPBL
ETUDSL;0400;GPBL
ETUDT1;0030;GPBL
ETUDT2;0030;GPBL
ETUDT3;0030;GPBL
ETUDT4;0030;GPBL
ETUDW1;0030;GPBL
ETUDW2;0030;GPBL
ETUEL1;0030;GPBL
ETUEM1;0030;GPBL
ETUEP1;0030;GPBL
ETUER1;0030;GPBL
ETUES1;0030;GPBL
ETUES2;0030;GPBL
ETUES3;0030;GPBL
ETUEZ1;0030;GPBL
ETUFP1;0030;GPBL
ETUFTH;0400;GPBL
ETUGC1;0030;GPBL
ETUGC2;0030;GPBL
ETUGC3;0030;GPBL
ETUHS1;0030;GPBL
ETUML1;0030;GPBL
ETUNE1;0030;GPBL
ETUNP1;0030;GPBL
ETUNP2;0030;GPBL
ETUNP3;0030;GPBL
ETUNW1;0030;GPBL
ETUPR1;0030;GPBL
ETUPR2;0030;GPBL
ETURC1;0030;GPBL
ETURC2;0030;GPBL
ETURU1;0030;GPBL
ETURU2;0030;GPBL
ETURV1;0030;GPBL
ETURW1;0030;GPBL
ETUVSL;0400;GPBL
ETUZS1;0030;GPBL
ETUZS2;0030;GPBL
EXBDSL;0200;GPBL
EXCANU;0200;GPBL
EXCDEG;0200;GPBL
EXCDGO;0200;GPBL
EXCDGT;0200;GPBL
EXCDSL;0200;GPBL
EXCFTH;0400;GPBL
EXCVNU;0200;GPBL
EXCVSL;0200;GPBL
EXLACT;0030;ERS
EXLATM;0100;ERS
EXLAXE;0100;ERS
EXLCLI;0100;ERS
EXLDSL;0100;ERS
EXLE10;0100;ERS
EXLECA;0400;ERS
EXLECU;0100;ERS
EXLEET;0400;ERS
EXLFHZ;0130;ERS
EXLMOB;0100;ERS
EXLMOH;0100;ERS
EXLMT2;0100;ERS
EXLNRJ;0100;ERS
EXLOLT;0200;ERS
EXLPAV;0100;ERS
EXLPCO;0100;ERS
EXLRAD;0130;ERS
EXLRHN;0200;ERS
EXLRTN;0130;ERS
EXLSAT;0130;ERS
EXLSCI;0100;ERS
EXLSDH;0130;ERS
EXLSSM;0130;ERS
EXLURA;0100;ERS
EXLVID;0130;ERS
EXLVSL;0100;ERS
EXPACO;0400;GPBL
EXPAQD;0100;GPBL
EXPCDA;0500;GPBL
EXPCDS;0400;GPBL
EXPCNA;0600;GPBL
EXPCNS;0500;GPBL
EXPCTA;0500;GPBL
EXPCTS;0500;GPBL
EXPCUD;0400;GPBL
EXPCUN;0400;GPBL
EXPCUT;0400;GPBL
EXPDSL;0300;GPBL
EXPEAC;0400;GPBL
EXPFOA;0400;GPBL
EXPFOP;0400;GPBL
EXPFOS;0400;GPBL
EXPFTH;0200;GPBL
EXPGCI;0400;GPBL
EXPIPM;0300;ERS
EXPIPS;0300;ERS
EXPIPV;0300;GPBL
EXPIPW;0300;ERS
EXPLLS;0300;ERS
EXPNUB;0300;GPBL
EXPNUP;0300;ERS
EXPPB1;0200;ERS
EXPPBX;0200;ERS
EXPPOT;0030;GPBL
EXPPSU;0200;GPBL
EXPPUB;0030;GPBL
EXPSIP;0300;ERS
EXPTEL;0300;GPBL
EXPTSL;0300;ERS
EXPVSL;0300;ERS
EXPVTD;0400;GPBL
EXPVTI;0400;GPBL
EXPVTT;0400;GPBL
F03DGO;0100;GPBL
F03FTH;0100;GPBL
F10DGO;0200;GPBL
F10FTH;0330;GPBL
F11FTH;0400;ERS
F11OFP;0400;ERS
F12FTH;0400;ERS
FOLDSL;0330;ERS
FOLLAN;0400;ERS
FOLPBX;0400;ERS
FSUFTH;0300;GPBL
FTEFTH;0600;ERS
ICCFTH;0130;GPBL
ICLFTH;0300;GPBL
ICPFTH;0330;GPBL
IDVANU;0100;GPBL
IDVDEG;0100;GPBL
IDVDGT;0100;GPBL
IDVDSL;0200;GPBL
IDVDTP;0100;GPBL
IDVFTH;0200;GPBL
IDVIPM;0200;ERS
IDVIPS;0200;ERS
IDVIPV;0200;ERS
IDVIPW;0200;ERS
IDVLLS;0200;ERS
IDVNNU;0100;GPBL
IDVNUB;0200;ERS
IDVNUP;0200;ERS
IDVPB1;0200;ERS
IDVPBX;0200;ERS
IDVPIT;0200;ERS
IDVPUB;0100;GPBL
IDVRLE;0200;ERS
IDVSIP;0200;ERS
IDVTEL;0100;GPBL
IDVTSL;0200;ERS
IDVVGA;0100;GPBL
IDVVNN;0200;GPBL
IDVVSL;0200;ERS
IMCDSL;0100;GPBL
IMCFTH;0200;GPBL
IMCIPM;0100;GPBL
IMCNUB;0100;GPBL
IMCORA;0130;GPBL
IMCVID;0200;GPBL
IMLDEM;0300;GPBL
IMLDSL;0300;ERS
IMLFTH;0330;GPBL
IMLHDG;0300;ERS
IMLIPM;0300;ERS
IMLIPS;0300;ERS
IMLNUB;0400;ERS
IMLPB5;0200;ERS
IMLPBX;0400;ERS
IMLTSL;0400;ERS
IMSFTH;0400;ERS
IPCFTH;0200;GPBL
IPLFTH;0400;GPBL
IPPFTH;0400;GPBL
IPRAAS;0730;ERS
IPRASC;0730;ERS
IPRBEC;0300;ERS
IPRBIC;0330;ERS
IPRBTC;0330;ERS
IPRBTO;0730;ERS
IPRBTP;0330;ERS
IPRBTU;0330;ERS
IPRBUH;0330;ERS
IPRCAM;0330;ERS
IPRCEC;0300;ERS
IPRCEF;0400;ERS
IPRECO;0730;ERS
IPREDI;0730;ERS
IPRETE;0330;ERS
IPRFTH;0400;ERS
IPRGPJ;0330;ERS
IPRHAD;0730;ERS
IPRHSW;0330;ERS
IPRLAN;0730;ERS
IPRLIN;0330;ERS
IPRMAL;0700;ERS
IPRMAN;0330;ERS
IPRMBC;0330;ERS
IPRMCB;0730;ERS
IPRMCO;0730;ERS
IPRMON;0330;ERS
IPRMRL;0330;ERS
IPRMUL;0330;ERS
IPRMXX;0700;ERS
IPRNUB;0300;ERS
IPROPH;0600;ERS
IPROPM;0600;ERS
IPROPO;0600;ERS
IPROSM;0700;ERS
IPROXE;0700;ERS
IPRRTV;0730;ERS
IPRSAL;0700;ERS
IPRSML;0700;ERS
IPRSXN;0700;ERS
IPRSXX;0700;ERS
IQCFTH;0100;GPBL
IQLFTH;0200;GPBL
IU1FTH;0730;ERS
IU1OPO;0730;ERS
IU2FTH;0400;ERS
IU2OPO;0730;ERS
JROFTH;0200;ERS
LMCDSL;0130;GPBL
LMCFTH;0200;GPBL
LMCIPM;0130;GPBL
LMCMIG;0130;GPBL
LMCNNU;0100;GPBL
LMCVNN;0100;GPBL
LMCVSL;0100;GPBL
LMLDSL;0300;ERS
LMLFTH;0300;GPBL
LMLIPM;0300;GPBL
LMLIPV;0300;ERS
LMLNNU;0300;ERS
LMLTEP;0200;GPBL
LMLVID;0300;GPBL
LMLVNN;0300;GPBL
LMLVPM;0300;GPBL
LMLVSL;0300;GPBL
LNCFUS;0800;GPBL
LPCFTH;0200;GPBL
LPLFTH;0330;GPBL
M02ANU;0030;GPBL
M02DEG;0030;GPBL
M02DGT;0030;GPBL
M02DSL;0030;GPBL
M02DTP;0030;GPBL
M02IPM;0030;GPBL
M02VNU;0030;GPBL
M02VSL;0030;GPBL
MDIANU;0100;GPBL
MDIDEG;0100;GPBL
MDIDSL;0100;GPBL
MDINUB;0100;GPBL
MDITEL;0100;GPBL
MDIVGA;0100;GPBL
MDIVGN;0100;GPBL
MDIVNU;0100;GPBL
MDIVSL;0100;GPBL
MGRANU;0030;GPBL
MGRDEG;0030;GPBL
MGRDGT;0030;GPBL
MGRDSL;0030;GPBL
MGRDTP;0030;GPBL
MGRPUB;0030;GPBL
MGRVSL;0030;GPBL
MI2FTH;0400;ERS
MITDEG;0100;GPBL
MITDSL;0100;GPBL
MITFTH;0130;ERS
MITLLS;0100;ERS
MITNUB;0100;GPBL
MITPBX;0230;ERS
MITPUB;0100;GPBL
MITTEL;0100;GPBL
MITVSL;0100;GPBL
MMDANU;0030;GPBL
MMDDEG;0030;GPBL
MMDDGT;0030;GPBL
MMDDSL;0030;GPBL
MMDDTP;0030;GPBL
MMDIPM;0030;GPBL
MMDNNU;0030;GPBL
MMDNUB;0030;GPBL
MMDTEL;0030;GPBL
MMDVGA;0030;GPBL
MMDVGT;0030;GPBL
MMDVNN;0030;GPBL
MMDVSL;0030;GPBL
MODPUB;0200;GPBL
MOMPUB;0130;GPBL
MREDEG;0030;GPBL
MREDGT;0030;GPBL
MSHDGT;0200;GPBL
MSRANU;0100;GPBL
MSRDEG;0100;GPBL
MSRDSL;0100;GPBL
MSRNUB;0100;GPBL
MSRTEL;0100;GPBL
MSRVGA;0100;GPBL
MSRVGN;0100;GPBL
MSRVNU;0100;GPBL
MSRVSL;0100;GPBL
MT2CSN;0030;GPBL
MT2URA;0030;GPBL
MTRANU;0100;GPBL
MTRDEG;0100;GPBL
MTRDSL;0100;GPBL
MTRNUB;0100;GPBL
MTRTEL;0100;GPBL
MTRVGA;0100;GPBL
MTRVGN;0100;GPBL
MTRVNU;0100;GPBL
MTRVSL;0100;GPBL
MUMLLS;0400;ERS
MUMRTN;0400;ERS
ONTFTH;0100;GPBL
ORTRLO;0200;GPBL
OSMDSL;0200;ERS
OSMIPM;0200;ERS
OSMIPW;0200;ERS
OSMLLS;0200;ERS
OSMNUB;0200;ERS
OSMPBX;0230;ERS
OSMTEL;0200;ERS
OSMTSL;0200;ERS
PARDSL;0130;GPBL
PARFTH;0700;GPBL
PARVSL;0700;GPBL
PAUDSL;0130;ERS
PAUNUB;0130;ERS
PAUNUP;0130;ERS
PAUPUB;0130;GPBL
PAUTEL;0130;ERS
PAUVGA;0130;GPBL
PAUVSL;0130;GPBL
PAVFTH;0200;GPBL
PAXPBX;0200;ERS
PBRANU;0130;GPBL
PBRDSL;0130;GPBL
PBRFTH;0200;GPBL
PBRLLS;0130;ERS
PBRNNU;0130;GPBL
PBRNUB;0130;GPBL
PBRNUP;0130;ERS
PBRPUB;0130;GPBL
PBRTEL;0130;GPBL
PBRVGT;0130;GPBL
PBRVNN;0130;GPBL
PBRVSL;0130;GPBL
PCCANU;0200;GPBL
PCCDEG;0200;GPBL
PCCDGT;0200;GPBL
PCCDSL;0200;GPBL
PCCVNU;0200;GPBL
PCCVSL;0200;GPBL
PCGDGT;0230;GPBL
PCORLO;0030;GPBL
PEQ2MB;0100;ERS
PEQACT;0130;ERS
PEQADR;0500;ERS
PEQATM;0100;ERS
PEQAXE;0100;ERS
PEQBAT;0200;ERS
PEQCAL;0230;ERS
PEQDSL;0100;ERS
PEQE10;0100;ERS
PEQEAS;0200;ERS
PEQECU;0200;ERS
PEQFHZ;0100;ERS
PEQLAN;0200;ERS
PEQLLS;0100;ERS
PEQLTE;0130;ERS
PEQMOB;0130;ERS
PEQMOH;0130;ERS
PEQMT2;0100;ERS
PEQNRJ;0100;ERS
PEQPCO;0100;ERS
PEQPDH;0100;ERS
PEQPUB;0400;GPBL
PEQRAD;0100;ERS
PEQRHN;0300;ERS
PEQRTN;0100;ERS
PEQSAT;0100;ERS
PEQSCI;0200;ERS
PEQSDH;0100;ERS
PEQSSM;0100;ERS
PEQTHD;0100;ERS
PEQURA;0100;ERS
PEQVID;0100;ERS
PEQVSL;0100;ERS
PEQX25;0200;ERS
PERFTH;0400;GPBL
PFCDSL;0130;GPBL
PFCNNU;0130;GPBL
PFCVNN;0130;GPBL
PFCVSL;0130;GPBL
PFEDSL;0230;GPBL
PFEFTH;0230;GPBL
PFENNU;0230;GPBL
PFEVNN;0230;GPBL
PFEVSL;0230;GPBL
PFGDGT;0230;GPBL
PFOANU;0200;GPBL
PFODEG;0200;GPBL
PFODGT;0200;GPBL
PFODSL;0200;GPBL
PFOVNU;0200;GPBL
PFOVSL;0200;GPBL
PHSGCI;0400;GPBL
PHSRLO;0400;GPBL
PIFACT;0400;ERS
PIFATM;0500;ERS
PIFAXE;0500;ERS
PIFCLI;0500;ERS
PIFDSL;0500;ERS
PIFE10;0500;ERS
PIFECU;0500;ERS
PIFFHZ;0500;ERS
PIFGPR;0500;ERS
PIFMT2;0500;ERS
PIFNRJ;0500;ERS
PIFPCO;0500;ERS
PIFPDH;0500;ERS
PIFRHN;0400;ERS
PIFRTN;0500;ERS
PIFSAT;0500;ERS
PIFSDH;0500;ERS
PIFSSM;0500;ERS
PIFURA;0500;ERS
PIFVID;0500;ERS
PIQGCI;0400;GPBL
PIQRLO;0400;GPBL
PITANU;0130;GPBL
PITDEG;0130;GPBL
PITDGO;0130;GPBL
PITDGT;0130;GPBL
PITDSL;0130;GPBL
PITFTH;0130;GPBL
PITLLS;0130;ERS
PITNNU;0130;GPBL
PITNUB;0130;GPBL
PITNUP;0130;ERS
PITPBX;0230;ERS
PITPUB;0130;GPBL
PITTEL;0130;GPBL
PITVGA;0130;GPBL
PITVGN;0130;GPBL
PITVGT;0130;GPBL
PITVNU;0130;GPBL
PITVSL;0130;GPBL
PIVDSL;0130;GPBL
PLGATM;0100;ERS
PLGAXE;0100;ERS
PLGBAT;0100;ERS
PLGCDA;0400;GPBL
PLGCDS;0400;GPBL
PLGCLI;0130;ERS
PLGCNS;0400;GPBL
PLGCTA;0400;GPBL
PLGCTS;0400;GPBL
PLGDSL;0100;ERS
PLGE10;0100;ERS
PLGEAC;0400;GPBL
PLGFOA;0400;GPBL
PLGFOP;0230;ERS
PLGFOS;0400;GPBL
PLGFTH;0400;GPBL
PLGGPR;0130;ERS
PLGMOB;0130;ERS
PLGMOH;0130;ERS
PLGMT2;0100;ERS
PLGNRJ;0130;ERS
PLGPCO;0100;ERS
PLGPOT;0400;GPBL
PLGPSU;0400;ERS
PLGRAD;0100;ERS
PLGRHN;0300;ERS
PLGRTN;0100;ERS
PLGSAT;0100;ERS
PLGSCI;0130;ERS
PLGSDH;0100;ERS
PLGSSM;0100;ERS
PLGTHD;0200;ERS
PLGURA;0100;ERS
PLIANU;0130;GPBL
PLIDEG;0130;GPBL
PLIDGT;0130;GPBL
PLIDSL;0130;GPBL
PLIFTH;0200;GPBL
PLILLS;0130;ERS
PLILTX;0130;GPBL
PLINNU;0130;GPBL
PLINUB;0130;GPBL
PLINUP;0130;ERS
PLIPBX;0230;ERS
PLIPUB;0130;GPBL
PLITEL;0130;GPBL
PLIVGA;0130;GPBL
PLIVGN;0130;GPBL
PLIVGT;0130;GPBL
PLIVNN;0130;GPBL
PLIVNU;0130;GPBL
PLIVSL;0130;GPBL
PLOAXE;0200;ERS
PLOCDA;0530;GPBL
PLOCDS;0530;GPBL
PLOCLI;0300;ERS
PLOCNA;0530;GPBL
PLOCNS;0530;GPBL
PLOCTA;0530;GPBL
PLOCTS;0530;GPBL
PLOCUD;0530;GPBL
PLOCUT;0530;GPBL
PLODSL;0400;ERS
PLOEAC;0530;GPBL
PLOFHZ;0300;ERS
PLOFOA;0530;GPBL
PLOFOP;0400;ERS
PLOFOS;0530;GPBL
PLOFTH;0530;GPBL
PLOGCI;0530;GPBL
PLOMOB;0330;ERS
PLOMT2;0200;ERS
PLONRJ;0300;ERS
PLOPOT;0530;GPBL
PLOPSU;0530;GPBL
PLORHN;0400;ERS
PLOSAT;0300;ERS
PLOSCI;0300;ERS
PLOSDH;0200;ERS
PLOSSM;0300;ERS
PMOPUB;0130;GPBL
PMSDSL;0130;GPBL
PMSFTH;0200;GPBL
PMSHDG;0130;GPBL
PMSNNU;0130;GPBL
PMSVNN;0130;GPBL
PMSVSL;0130;GPBL
POADSL;0130;GPBL
POANNU;0130;GPBL
POAVSL;0130;GPBL
POCFTH;0100;GPBL
PPCANU;0200;GPBL
PPCDGT;0200;GPBL
PPCVNU;0200;GPBL
PQSGCI;0400;GPBL
PQSRLO;0400;GPBL
PREANU;0100;GPBL
PREDEG;0100;GPBL
PREDGT;0100;GPBL
PREDSL;0130;GPBL
PRELLS;0130;ERS
PRENNU;0130;GPBL
PRENUB;0130;GPBL
PRENUP;0130;ERS
PREPUB;0130;GPBL
PRETEL;0130;GPBL
PREVGA;0100;GPBL
PREVGN;0100;GPBL
PREVGT;0100;GPBL
PREVNU;0030;GPBL
PREVSL;0030;GPBL
PRVBIV;0200;ERS
PRVFTH;0200;ERS
PTLCDA;0230;GPBL
PTLCDS;0230;GPBL
PTLCTA;0230;GPBL
PTLCTS;0230;GPBL
PTLEAC;0230;GPBL
PTLPOT;0230;GPBL
PTOCDA;0730;GPBL
PTOCDS;0730;GPBL
PTOCNS;0730;GPBL
PTOCTA;0730;GPBL
PTOCTS;0730;GPBL
PTOEAC;0730;GPBL
PTOFOA;0730;GPBL
PTOFOS;0730;GPBL
PTOFTH;0730;GPBL
PTOPOT;0730;GPBL
PTOPSU;0730;GPBL
PTVDSL;0200;GPBL
PUCPUB;0130;GPBL
PUIGCI;0400;GPBL
PUIPUB;0130;GPBL
PUIRLO;0400;GPBL
PWODSL;0200;GPBL
PWONUB;0200;GPBL
QRLCDA;0400;GPBL
QRLDSL;0100;GPBL
QRLFTH;0200;GPBL
QRLGCI;0400;GPBL
QRLLLS;0100;ERS
QRLNUB;0100;GPBL
QRLNUP;0100;ERS
QRLPUB;0100;GPBL
QRLRLO;0400;GPBL
QRLTEL;0100;GPBL
QRLVSL;0100;GPBL
R02ANU;0030;GPBL
R02DEG;0030;GPBL
R02DGT;0030;GPBL
R02DSL;0030;GPBL
R02DTP;0030;GPBL
R02IPM;0030;GPBL
R02NNU;0030;GPBL
R02NUB;0030;GPBL
R02PUB;0030;GPBL
R02TEL;0030;GPBL
R02VGA;0030;GPBL
R02VGN;0030;GPBL
R02VGT;0030;GPBL
R02VNN;0030;GPBL
R02VNU;0030;GPBL
R02VSL;0030;GPBL
R03ANU;0100;GPBL
R03DEG;0100;GPBL
R03DGT;0100;GPBL
R03DSL;0100;GPBL
R03DTP;0100;GPBL
R03IPM;0100;GPBL
R03NNU;0100;GPBL
R03NUB;0100;GPBL
R03PUB;0100;GPBL
R03TEL;0100;GPBL
R03VGA;0100;GPBL
R03VGN;0100;GPBL
R03VGT;0100;GPBL
R03VNN;0100;GPBL
R03VNU;0100;GPBL
R03VSL;0100;GPBL
R04ANU;0100;GPBL
R04DGT;0100;GPBL
R04DSL;0130;GPBL
R04NNU;0100;GPBL
R04NUB;0100;GPBL
R04PUB;0100;GPBL
R04TEL;0100;GPBL
R04VGA;0100;GPBL
R04VGN;0100;GPBL
R04VGT;0100;GPBL
R04VNN;0100;GPBL
R10ANU;0200;GPBL
R10DEG;0200;GPBL
R10DGT;0200;GPBL
R10DSL;0200;GPBL
R10LLS;0200;ERS
R10NNU;0200;GPBL
R10NUB;0200;GPBL
R10NUP;0200;ERS
R10PUB;0200;GPBL
R10TEL;0200;GPBL
R10VGA;0200;GPBL
R10VGN;0200;GPBL
R10VGT;0200;GPBL
R10VNN;0200;GPBL
R10VNU;0200;GPBL
R10VSL;0200;GPBL
R36TEL;0200;GPBL
RACLLS;0300;ERS
RACNUB;0300;GPBL
RACNUP;0300;ERS
RADGCI;0400;GPBL
RBLCUD;0400;GPBL
RBLCUN;0400;GPBL
RBLCUT;0400;GPBL
RBLEAC;0400;GPBL
RBLFOP;0400;GPBL
RBLFTH;0400;GPBL
RBLGCI;0400;GPBL
RBLPOT;0400;GPBL
RCPDSL;0100;ERS
RCPLLS;0100;ERS
RCPNUB;0100;ERS
RCPNUP;0100;ERS
RCPPBX;0100;ERS
RCPPIT;0100;ERS
RCPRLE;0100;ERS
RCPTEL;0100;ERS
READSL;0200;GPBL
REALLS;0200;ERS
REANUB;0200;GPBL
REANUP;0200;ERS
REATEL;0200;GPBL
REATHD;0200;ERS
REATSL;0200;ERS
REPBIV;0400;ERS
REPEVP;0300;ERS
REPFUS;0800;ERS
REPIPM;0300;ERS
REPOPM;0600;ERS
REPOPO;0400;ERS
REQDSL;0200;GPBL
REQIPS;0200;GPBL
REQLLS;0200;ERS
REQNUP;0200;ERS
REQPBX;0200;ERS
REQPUB;0400;GPBL
REQTEL;0200;GPBL
REQTSL;0200;ERS
RGPPBX;0730;ERS
RLGCDA;0400;GPBL
RLGCDS;0400;GPBL
RLGCNA;0400;GPBL
RLGCNS;0400;GPBL
RLGCTA;0400;GPBL
RLGCTS;0400;GPBL
RLGEAC;0400;GPBL
RLGFIM;0400;GPBL
RLGFOA;0400;GPBL
RLGFOS;0400;GPBL
RLGFTH;0400;GPBL
RLGGAF;0400;GPBL
RLGGCI;0400;GPBL
RLGGRO;0400;GPBL
RLGPOT;0400;GPBL
RLGPSU;0400;GPBL
RLGPUB;0400;GPBL
RLOCDA;0530;GPBL
RLOCDS;0530;GPBL
RLOCNA;0530;GPBL
RLOCNS;0530;GPBL
RLOCTA;0530;GPBL
RLOCTS;0530;GPBL
RLOEAC;0530;GPBL
RLOFOA;0530;GPBL
RLOFOS;0530;GPBL
RLOFTH;0730;GPBL
RLOGAC;0530;GPBL
RLOGCI;0530;GPBL
RLOPOT;0530;GPBL
RLOPSU;0530;GPBL
RMAIPV;0600;ERS
RMAVID;0300;GPBL
RREDEG;0030;GPBL
RREDGT;0030;GPBL
RREDSL;0030;GPBL
RREIPM;0030;GPBL
RRETEL;0030;GPBL
RREVGA;0030;GPBL
RTLCDA;0230;GPBL
RTLCDS;0230;GPBL
RTLCTA;0230;GPBL
RTLCTS;0230;GPBL
RTLFOS;0230;GPBL
RTOCDA;0730;GPBL
RTOCDS;0730;GPBL
RTOCNA;0730;GPBL
RTOCNS;0730;GPBL
RTOCTA;0730;GPBL
RTOCTS;0730;GPBL
RTOEAC;0730;GPBL
RTOFOA;0730;GPBL
RTOFOS;0730;GPBL
RTOFTH;0730;GPBL
RTOGCI;0730;GPBL
RTOPSU;0730;GPBL
S02ANU;0030;GPBL
S02DEG;0030;GPBL
S02DSL;0030;GPBL
S02IPM;0030;GPBL
S02NNU;0030;GPBL
S02VNN;0030;GPBL
S02VSL;0030;GPBL
SAPDSL;0400;GPBL
SAPFTH;0400;GPBL
SAPMBP;0400;GPBL
SAPVSL;0400;GPBL
SREANU;0030;GPBL
SREDEG;0030;GPBL
SREDSL;0030;GPBL
SREIPM;0030;GPBL
SRENNU;0030;GPBL
SREVNN;0030;GPBL
SUPDSL;0200;GPBL
SUPIPM;0200;ERS
SUPLLS;0200;ERS
SUPNUB;0200;GPBL
SUPNUP;0200;ERS
SUPPBX;0200;ERS
SUPSIP;0200;ERS
SUPTSL;0200;ERS
SVIDGT;0200;GPBL
TESDSL;0100;ERS
TESNUB;0100;ERS
TESPBX;0100;ERS
TESTEL;0100;GPBL
TLOCDA;0130;GPBL
TLOCDS;0130;GPBL
TLOCNS;0130;GPBL
TLOCTA;0130;GPBL
TLOCTS;0130;GPBL
TLOEAC;0130;GPBL
TLOFOA;0130;GPBL
TLOFOS;0130;GPBL
TLOGCI;0130;GPBL
TLOPOT;0130;GPBL
TLOPSU;0130;GPBL
TPODSL;0230;GPBL
TPOIPM;0230;ERS
TPONUB;0230;GPBL
TPOTEL;0230;GPBL
TREANU;0030;GPBL
TREDEG;0030;GPBL
TREDGT;0030;GPBL
TREDSL;0030;GPBL
TREIPM;0030;ERS
TRENNU;0030;GPBL
TRENUB;0030;GPBL
TRENUP;0030;ERS
TREPUB;0030;GPBL
TRETEL;0030;GPBL
TREVGA;0030;GPBL
TREVGN;0030;GPBL
TREVGT;0030;GPBL
TREVNN;0030;GPBL
TREVNU;0030;GPBL
TREVSL;0030;GPBL
TVXJRT;0200;GPBL
VCLRLO;0400;GPBL
VLIDEG;0100;GPBL
VLIDSL;0100;GPBL
VLIFTH;0100;GPBL
VLINNU;0100;GPBL
VLINUB;0100;GPBL
VLITEL;0100;GPBL
VLIVGA;0100;GPBL
VLIVSL;0100;GPBL
VLIVSN;0100;GPBL
VQSBEB;0400;GPBL
VQSCEM;0400;GPBL
VQSERS;0300;GPBL
VQSFOP;0400;GPBL
VQSPOT;0300;GPBL
VQSPSU;0300;GPBL
VQSVCA;0300;GPBL
VQSVCL;0200;GPBL
VQSVGC;0400;GPBL
VQSVTI;0200;GPBL
VQSVTT;0400;GPBL
VRFVCC;0230;GPBL
VRFVCL;0130;GPBL
VRFVRE;0130;GPBL
